filename,page_number,extract_method,sector,row_text,n_numbers,amount_1,amount_2,amount_3,amount_4,amount_5,amount_6,amount_7,amount_8,amount_9,amount_10
TN Budget 2020-21 OOMF.pdf,1,camelot,other,1',1,1.0,,,,,,,,,
TN Budget 2020-21 OOMF.pdf,1,camelot,other,>Jcm«4H mRuIW xnM^'ai,1,4.0,,,,,,,,,
TN Budget 2020-21 OOMF.pdf,1,camelot,other,"(^■j|j| ^ jiraH^ ? 500 ^5^ % ^ ffiFra <?l""iii",2,500.0,5.0,,,,,,,,
TN Budget 2020-21 OOMF.pdf,1,camelot,other,(For Central Sector and Centrally Sponsored Schemes costing less flian ?500 crore),1,500.0,,,,,,,,,
TN Budget 2020-21 OOMF.pdf,1,camelot,other,2020-2021,2,2020.0,-2021.0,,,,,,,,
TN Budget 2020-21 OOMF.pdf,2,camelot,other,•1,1,1.0,,,,,,,,,
TN Budget 2020-21 OOMF.pdf,2,camelot,other,1. TTPT ^Fre^iT 27 - arrf^Nr f^HPr,2,1.0,27.0,,,,,,,,
TN Budget 2020-21 OOMF.pdf,2,camelot,other,2-3,2,2.0,-3.0,,,,,,,,
TN Budget 2020-21 OOMF.pdf,2,camelot,other,(ii) HRcftv %^q15pfi #r lohr sjucT dd+'iui d^i^di (^ftiRr),1,15.0,,,,,,,,,
TN Budget 2020-21 OOMF.pdf,2,camelot,other,2. JIPT 29 - ftSTTT,2,2.0,29.0,,,,,,,,
TN Budget 2020-21 OOMF.pdf,2,camelot,other,(i) 9ft®5 «TPTft^ ^ ^Pr 'rtoPIT ^ci Vrtdii^^ HTcTPT,2,9.0,5.0,,,,,,,,
TN Budget 2020-21 OOMF.pdf,2,camelot,other,(ii) S(i||«i^4) «4y c}Tx;vii ^rtSPIT,2,4.0,4.0,,,,,,,,
TN Budget 2020-21 OOMF.pdf,2,camelot,other,"(iii) 3icm ^PT <i'ici""ii («4lqi4) 6-7",5,3.0,4.0,4.0,6.0,-7.0,,,,,
TN Budget 2020-21 OOMF.pdf,2,camelot,other,(iv) WPPhft oftgsT ^fRPTT 3fk ytnspHt ^floprr,1,3.0,,,,,,,,,
TN Budget 2020-21 OOMF.pdf,2,camelot,other,"(V) W^tT-Vi <HMlJ, ^nCR"" ^ 3ici*1a ^ PImcw ^ STRT#",2,3.0,1.0,,,,,,,,
TN Budget 2020-21 OOMF.pdf,2,camelot,other,"(Vi) anvTT STTicM yulicfl ^ ^srar ^ ^ siRit %"" l^cfhr ^mr^pr ^ 3Rtot",1,3.0,,,,,,,,,
TN Budget 2020-21 OOMF.pdf,2,camelot,other,(vii) TOpphft ^ ^tddi (ifhmxmgif) HTT ^ cj^ 3p^ 'w ^,1,3.0,,,,,,,,,
TN Budget 2020-21 OOMF.pdf,2,camelot,other,3lk dHI-^dl,1,3.0,,,,,,,,,
TN Budget 2020-21 OOMF.pdf,2,camelot,other,(ix) 3PT fH'IT cPIT f^^«n 3P^ ^ ^ TtlR-yW cPIT oii-i-^q>cu,2,3.0,3.0,,,,,,,,
TN Budget 2020-21 OOMF.pdf,2,camelot,other,10,1,10.0,,,,,,,,,
TN Budget 2020-21 OOMF.pdf,2,camelot,other,(Xi) wfr»r (aTR3TR^) gJT qirbfRRvr,1,3.0,,,,,,,,,
TN Budget 2020-21 OOMF.pdf,3,camelot,other,im ?r. 27,1,27.0,,,,,,,,,
TN Budget 2020-21 OOMF.pdf,3,camelot,other,3n19v q>i<3,3,3.0,19.0,3.0,,,,,,,
TN Budget 2020-21 OOMF.pdf,3,camelot,other,"1. ST^iwmT 3TcRra"" f^rcPfm (^ftXRT)",2,1.0,3.0,,,,,,,,
TN Budget 2020-21 OOMF.pdf,3,camelot,other,2020-21,2,2020.0,-21.0,,,,,,,,
TN Budget 2020-21 OOMF.pdf,3,camelot,other,f^cxfhr qRuim 2020-21,2,2020.0,-21.0,,,,,,,,
TN Budget 2020-21 OOMF.pdf,3,camelot,other,2020-21 'H4>d+,3,2020.0,-21.0,4.0,,,,,,,
TN Budget 2020-21 OOMF.pdf,3,camelot,other,"lOOO ^<ls '6*rt"" 1. gl^fcT 1.1 ^ 960 qiOs",4,6.0,1.0,1.1,960.0,,,,,,
TN Budget 2020-21 OOMF.pdf,3,camelot,other,240.69 1. 3T9^HT9eTT ^ 1.1 ST^WTciT STcRTcT,6,240.69,1.0,3.0,9.0,9.0,1.1,,,,
TN Budget 2020-21 OOMF.pdf,3,camelot,other,lelTr f^ccfty ^ ^ ^icT 3IffTTTtf^cT <iRt,1,3.0,,,,,,,,,
TN Budget 2020-21 OOMF.pdf,3,camelot,other,WT^/an^wmr (f3ii4/i'tJ^ twill 3ilcl*i 3i<M*i1<;<ri) O,5,3.0,4.0,3.0,3.0,1.0,,,,,
TN Budget 2020-21 OOMF.pdf,3,camelot,other,3fk piqoi Plofl fol^r,1,3.0,,,,,,,,,
TN Budget 2020-21 OOMF.pdf,3,camelot,other,3tcRM l^ccPftW,1,3.0,,,,,,,,,
TN Budget 2020-21 OOMF.pdf,3,camelot,other,MCilH «l»\»lll 3iq'ti<'qoll (3T^Jn1^H) (qjils,3,3.0,3.0,1.0,,,,,,,
TN Budget 2020-21 OOMF.pdf,3,camelot,other,9iOs 1.2 ^ ^r 0 %,3,9.0,1.2,0.0,,,,,,,
TN Budget 2020-21 OOMF.pdf,3,camelot,other,1.2 'til^ctn.cl oll^ qirtl 240.69,2,1.2,240.69,,,,,,,,
TN Budget 2020-21 OOMF.pdf,3,camelot,other,Sr^^JcT dioftw (f^rtfhr sl^tw-q) cTe?^ # ^^l<4dl-,1,4.0,,,,,,,,,
TN Budget 2020-21 OOMF.pdf,3,camelot,other,"«t>rt 1.3 <U^I4dl yra O H I^Cl Hl^<4lc|ffll3f[""",4,1.3,4.0,4.0,3.0,,,,,,
TN Budget 2020-21 OOMF.pdf,3,camelot,other,l5i^ fSr^r #,1,5.0,,,,,,,,,
TN Budget 2020-21 OOMF.pdf,3,camelot,other,d<£j4I (^qqi<),1,4.0,,,,,,,,,
TN Budget 2020-21 OOMF.pdf,3,camelot,other,"1.4 -H^l-^dl ^rra"" MR^1oldl3# # 1200",4,1.4,1.0,3.0,1200.0,,,,,,
TN Budget 2020-21 OOMF.pdf,3,camelot,other,(3lffi*llPld),1,3.0,,,,,,,,,
TN Budget 2020-21 OOMF.pdf,4,camelot,other,q|*^cT ^ f14>M,1,14.0,,,,,,,,,
TN Budget 2020-21 OOMF.pdf,4,camelot,other,<1 w i<?»1 ^ TTRT,2,1.0,1.0,,,,,,,,
TN Budget 2020-21 OOMF.pdf,4,camelot,other,1.3 ^ cifd 1600,2,1.3,1600.0,,,,,,,,
TN Budget 2020-21 OOMF.pdf,4,camelot,other,2. t^r imn #r,1,2.0,,,,,,,,,
TN Budget 2020-21 OOMF.pdf,4,camelot,other,2.1 ITHH ^ ffW tstl^ ^,1,2.1,,,,,,,,,
TN Budget 2020-21 OOMF.pdf,4,camelot,other,"^ ^ TT?r9^ WTSft vmftv 4M^f^4> aftr WTftv,",3,9.0,4.0,4.0,,,,,,,
TN Budget 2020-21 OOMF.pdf,4,camelot,other,oHcft ^ cfr jiira«h ^ TOrar sftr 3TrW4»,2,3.0,4.0,,,,,,,,
TN Budget 2020-21 OOMF.pdf,4,camelot,other,^ ^ ift sftr 3T5V FIT ?rT cWT ^irar 4^,3,3.0,5.0,4.0,,,,,,,
TN Budget 2020-21 OOMF.pdf,4,camelot,other,1.4 ^.TTqJ'.l?^. ^ d^d cmr tn^4>ifgi* »ft,2,1.4,4.0,,,,,,,,
TN Budget 2020-21 OOMF.pdf,4,camelot,other,100%,1,100.0,,,,,,,,,
TN Budget 2020-21 OOMF.pdf,4,camelot,other,3IT|fW ^ HVTHR ir 1^ ^ttrti,2,3.0,1.0,,,,,,,,
TN Budget 2020-21 OOMF.pdf,6,camelot,other,2020- <H4>d4t H9=7 2020-21,7,2020.0,4.0,4.0,9.0,7.0,2020.0,-21.0,,,
TN Budget 2020-21 OOMF.pdf,6,camelot,other,gfrlW 2020-21 2020-21 *o«,4,2020.0,-21.0,2020.0,-21.0,,,,,,
TN Budget 2020-21 OOMF.pdf,6,camelot,other,21,1,21.0,,,,,,,,,
TN Budget 2020-21 OOMF.pdf,6,camelot,other,"^ H?cT qI^""o 41*11",2,41.0,11.0,,,,,,,,
TN Budget 2020-21 OOMF.pdf,6,camelot,other,115.10 ^ *<1101 T7cT3TT^^^ STToT «?w5r «9w sifc^^rt ?T,6,115.1,1101.0,7.0,3.0,5.0,9.0,,,,
TN Budget 2020-21 OOMF.pdf,6,camelot,other,(4)^4)4ii) -2003 3fhr cTOT 9% ^ ^frtfirlcT ^T^qicii3^ q*^ 100 (41^41cii$) -,10,4.0,4.0,4.0,-2003.0,3.0,9.0,3.0,100.0,41.0,41.0
TN Budget 2020-21 OOMF.pdf,6,camelot,other,T^Jt 3f9iQi«i S^4)m4-201A 3T^ «iclw>rt cfT ^1*r yf^TcT 2003 3fk,9,3.0,9.0,4.0,4.0,-201.0,3.0,1.0,2003.0,3.0,
TN Budget 2020-21 OOMF.pdf,6,camelot,other,ct!^ 4! 3THT ^ *11*1 c^ ^ Sr^hFoT 2014^fl15fcT srafit,6,4.0,3.0,11.0,1.0,2014.0,15.0,,,,
TN Budget 2020-21 OOMF.pdf,6,camelot,other,"ifi^l «t»q< f^nr ^TO"" <t)yji*iijff $» 3ifi4(i ^)4 sifr FHcfhr oDqi 41*11 ^I<4t q1ci»iK' J, 3TH:",8,3.0,4.0,4.0,41.0,11.0,4.0,1.0,3.0,,
TN Budget 2020-21 OOMF.pdf,6,camelot,other,^i*iit**i 4^ •(i*f><ii 4f fspw ^ fSrftr fST ^Iddul ^,2,4.0,4.0,,,,,,,,
TN Budget 2020-21 OOMF.pdf,6,camelot,other,"100% crvjfit, ^ ^ 97?^ q»<i^ ^ *1lt,q*1 ^ 3ici*lici 3ftT",6,100.0,97.0,1.0,1.0,3.0,3.0,,,,
TN Budget 2020-21 OOMF.pdf,6,camelot,other,7^^ ^ Cituri 4)^*1l3Jt gftM dmkd =# 4t,5,7.0,4.0,1.0,3.0,4.0,,,,,
TN Budget 2020-21 OOMF.pdf,7,camelot,other,"1?"" qlcidi 31 TT^,",2,1.0,31.0,,,,,,,,
TN Budget 2020-21 OOMF.pdf,7,camelot,other,"180.00 1.1 TnRmr qloldl 31 ^l'*5, 2020 1 qq qs-t;«il 1.1 ^I»r HTcTTH ^",7,180.0,1.1,31.0,5.0,2020.0,1.0,1.1,,,
TN Budget 2020-21 OOMF.pdf,7,camelot,other,"qcTQtrii qlolffll ^ Wloidi ^ l^q»cH cR>"" 3lf^(4l*l % lofTT q1>7i<rii ^ 3id«1d feTC"" TJH3n^^ 2020 d^ 3ll^qid ^",9,3.0,4.0,1.0,7.0,3.0,1.0,3.0,2020.0,3.0,
TN Budget 2020-21 OOMF.pdf,7,camelot,other,"qRo-O ^1 H^^iid 3IT^ Sfh"" -■Hf^dftd TIRT qqKl dlqdRd foTTT ^ %\ fd^",2,1.0,3.0,,,,,,,,
TN Budget 2020-21 OOMF.pdf,7,camelot,other,3ld'lo O,1,3.0,,,,,,,,,
TN Budget 2020-21 OOMF.pdf,7,camelot,other,"dl^lRqA ^ ffii*iiq>®i 4»1 3T«Wlct Sjft ^ ^ ;^f) q^^nd airt"" 3th:",4,4.0,1.0,3.0,3.0,,,,,,
TN Budget 2020-21 OOMF.pdf,7,camelot,other,dldiqid ^3lddtc^,1,3.0,,,,,,,,,
TN Budget 2020-21 OOMF.pdf,7,camelot,other,1.2 IcTrnft 2 qq q<r«;dl 1.2 3Jc5 3TOH ftlT,6,1.2,2.0,1.2,3.0,5.0,3.0,,,,
TN Budget 2020-21 OOMF.pdf,7,camelot,other,"q'loldl ^ I^qjcM ql^dl %"" STcPtcT oTT^ on3r ^",1,3.0,,,,,,,,,
TN Budget 2020-21 OOMF.pdf,7,camelot,other,1.3 qloidl,1,1.3,,,,,,,,,
TN Budget 2020-21 OOMF.pdf,7,camelot,other,"1.3 sSm^^R"" 3. dI^R*id Mlci4)oi o",3,1.3,3.0,4.0,,,,,,,
TN Budget 2020-21 OOMF.pdf,7,camelot,other,3Tt5RTT ^ ra«b(rM ^ ^ foT^ d-l^iK Ml^M+ddl,2,3.0,5.0,,,,,,,,
TN Budget 2020-21 OOMF.pdf,7,camelot,other,hniR+1* ^ qqi<l,1,1.0,,,,,,,,,
TN Budget 2020-21 OOMF.pdf,7,camelot,other,5f. #r),1,5.0,,,,,,,,,
TN Budget 2020-21 OOMF.pdf,7,camelot,other,1.4 2.1 TOi5m=ft ^,3,1.4,2.1,5.0,,,,,,,
TN Budget 2020-21 OOMF.pdf,7,camelot,other,3tolT ^ qo-qdl qloldl ^,1,3.0,,,,,,,,,
TN Budget 2020-21 OOMF.pdf,7,camelot,other,qi^ qR»0 STcPfd,1,0.0,,,,,,,,,
TN Budget 2020-21 OOMF.pdf,8,camelot,other,(f'bjj^ft) 14£ifel^i£l^ a24e,2,14.0,24.0,,,,,,,,
TN Budget 2020-21 OOMF.pdf,8,camelot,other,00*662,2,0.0,662.0,,,,,,,,
TN Budget 2020-21 OOMF.pdf,8,camelot,other,"j^tf-iPib^^iP 4^ 4^ S|>tb o6'X PpP""^ ^ S\y*h 06'X PpPiP",4,4.0,4.0,6.0,6.0,,,,,,
TN Budget 2020-21 OOMF.pdf,8,camelot,other,4ieim3yyje |j-l<b>p iPisigiE 4^ Imyiix ie4;^3ie,5,4.0,3.0,4.0,4.0,3.0,,,,,
TN Budget 2020-21 OOMF.pdf,8,camelot,other,%os life isi^^e 4 iPib^iP ik{|pe ipibi^iF,1,4.0,,,,,,,,,
TN Budget 2020-21 OOMF.pdf,8,camelot,other,Jalh (tflplb^ic ^Ibjjift tbp 9X0Z falP «pv*b 4^ Jtue PibK 1^ ill Pb^ltflP ^ 1^ ill H<^^l£li£,5,9.0,0.0,4.0,1.0,1.0,,,,,
TN Budget 2020-21 OOMF.pdf,8,camelot,other,IPt^yfr P*^IPIP P^P^C lU^cfe J^ ^ 017-81,2,17.0,-81.0,,,,,,,,
TN Budget 2020-21 OOMF.pdf,8,camelot,other,SZX P^IPth pppp life 4^ ipt^npc felh &1K ^ ii^p,2,4.0,1.0,,,,,,,,
TN Budget 2020-21 OOMF.pdf,8,camelot,other,6^>tb fth» 4^ 4^ PibifetP-ap l^ IPV-tfe 4^,4,6.0,4.0,4.0,4.0,,,,,,
TN Budget 2020-21 OOMF.pdf,8,camelot,other,4^ |>lt»PHb Ijahtf,1,4.0,,,,,,,,,
TN Budget 2020-21 OOMF.pdf,8,camelot,other,4|pi pfab ^ im^iipe p|pi>^ life,1,4.0,,,,,,,,,
TN Budget 2020-21 OOMF.pdf,8,camelot,other,^ ^ ife| 4^ fyk,1,4.0,,,,,,,,,
TN Budget 2020-21 OOMF.pdf,8,camelot,other,4^ ^ 5 Pibifctf-'^P ppftip,2,4.0,5.0,,,,,,,,
TN Budget 2020-21 OOMF.pdf,8,camelot,other,igfeie 0Z-6X02 ^ iliii lUH 4 ^,4,0.0,-6.0,2.0,4.0,,,,,,
TN Budget 2020-21 OOMF.pdf,8,camelot,other,I2-0Z02 ifeP HK,3,2.0,-0.0,2.0,,,,,,,
TN Budget 2020-21 OOMF.pdf,8,camelot,other,ifeH lJJe4^,1,4.0,,,,,,,,,
TN Budget 2020-21 OOMF.pdf,8,camelot,other,mx 4^ %9 ^ ^,2,4.0,9.0,,,,,,,,
TN Budget 2020-21 OOMF.pdf,8,camelot,other,b>ibK 1^,1,1.0,,,,,,,,,
TN Budget 2020-21 OOMF.pdf,8,camelot,other,Imyiix Ife^ f'b^pft ik^ ii^ Ife^ f'b1J>f^ Ilk Pi^^tP ^tb^ih lPU>^^b,1,1.0,,,,,,,,,
TN Budget 2020-21 OOMF.pdf,8,camelot,other,piPib^^JlP 4^ ^ S|>a. 06 T f'b|ph ^,2,4.0,6.0,,,,,,,,
TN Budget 2020-21 OOMF.pdf,8,camelot,other,jKiBlan ftp uai Ip|g> 4^ ilhi OQX (Ij^pft),1,4.0,,,,,,,,,
TN Budget 2020-21 OOMF.pdf,8,camelot,other,"P0IHP|,h 4^ paipp^K ^ iihk ozx &4 p'W|^B> .^la",3,0.0,4.0,4.0,,,,,,,
TN Budget 2020-21 OOMF.pdf,8,camelot,other,ptpptf ii^ ili£ P^lWPjK 4^ 1^4^ nb>t» 4^ uibK 1^ ill Pb^ltelW,5,4.0,1.0,4.0,4.0,1.0,,,,,
TN Budget 2020-21 OOMF.pdf,8,camelot,other,vtop 4^ tpv«b ^Ibjjift l»^b<b |tb 4p>iu^,2,4.0,4.0,,,,,,,,
TN Budget 2020-21 OOMF.pdf,8,camelot,other,|J'>»b 69X \% mik jiBttitit ^4>a»,2,69.0,4.0,,,,,,,,
TN Budget 2020-21 OOMF.pdf,8,camelot,other,4^ fth» life,1,4.0,,,,,,,,,
TN Budget 2020-21 OOMF.pdf,9,camelot,other,^ 3lcl<*1cl ^ Sid^cl dliI'M.dr # U<41dl4 ^,4,3.0,1.0,41.0,4.0,,,,,,
TN Budget 2020-21 OOMF.pdf,9,camelot,other,fltTR STfltTM ^ TTTWTJT ^ Tnftgf ^ <h<i\^ 3Tf^^ q»d^*j| ^taiT ai^nt 1.90 ^>t(S t d^I^d ^T3T ^ ^,3,3.0,1.9,3.0,,,,,,,
TN Budget 2020-21 OOMF.pdf,9,camelot,other,"leT^ 5 ^-0? vnr ^ •«d<I«r1 q,^dl ^1 cPTT 3iI^Ctidl T*fT si^t^ adSj^TcTT arfShtiHTBTl' ^",5,5.0,-0.0,1.0,1.0,3.0,,,,,
TN Budget 2020-21 OOMF.pdf,9,camelot,other,^r ^ ^ ^pd< pl^lll cTT3nf^9H ^1,3,3.0,9.0,1.0,,,,,,,
TN Budget 2020-21 OOMF.pdf,9,camelot,other,gyisRhit oHdcH ^r^ll^^ ^ atk TOTsroft ^wrr to to5iT(tonRTtof) ^ 1^ ydK/oiNK-v+di ^,2,5.0,1.0,,,,,,,,
TN Budget 2020-21 OOMF.pdf,9,camelot,other,toT <d^l4dll,1,4.0,,,,,,,,,
TN Budget 2020-21 OOMF.pdf,9,camelot,other,10.00 ytiiddsH ^jflqd leTTT ^ dlcidtaft' % d6d ^TS=?r,2,10.0,6.0,,,,,,,,
TN Budget 2020-21 OOMF.pdf,9,camelot,other,41*i( oWT 1»ro^ftcT ^^RTT ^ d^lrH4> oTW,3,41.0,1.0,4.0,,,,,,,
TN Budget 2020-21 OOMF.pdf,9,camelot,other,"q'loioii (tftrrnvhot"" q>q^«3i cRIT cdl^d toTOTRcT l^dl",1,3.0,,,,,,,,,
TN Budget 2020-21 OOMF.pdf,9,camelot,other,51^ Qhci®! I,1,51.0,,,,,,,,,
TN Budget 2020-21 OOMF.pdf,9,camelot,other,"f^-Tt<J'd VI diqis, ?^-I?qd hR^AoIoII ^ 3ld<ld 51^ ^ Qncid ^d dldli ^ aidQI^l",2,3.0,51.0,,,,,,,,
TN Budget 2020-21 OOMF.pdf,9,camelot,other,0.86,1,0.86,,,,,,,,,
TN Budget 2020-21 OOMF.pdf,9,camelot,other,diqii ^ cfl^ % ar^miH 2020-21 # H^jfl fffRrtw cRIT wfK aRTIR 2020-,3,2020.0,-21.0,2020.0,,,,,,,
TN Budget 2020-21 OOMF.pdf,9,camelot,other,f^XT diqi^ qqKI arrf^cT ^ Trf^rt^fthff #r 21 ^ 'RIT WcTrlWcT,1,21.0,,,,,,,,,
TN Budget 2020-21 OOMF.pdf,9,camelot,other,^1,1,1.0,,,,,,,,,
TN Budget 2020-21 OOMF.pdf,10,camelot,other,3imiT ^ ^ tcT ^Trait % ^TOlt^TST # 3f?T^,2,3.0,3.0,,,,,,,,
TN Budget 2020-21 OOMF.pdf,10,camelot,other,O *3,1,3.0,,,,,,,,,
TN Budget 2020-21 OOMF.pdf,10,camelot,other,3ft^ armR ^ •M^d*t> TRT sn^nftxT,1,3.0,,,,,,,,,
TN Budget 2020-21 OOMF.pdf,10,camelot,other,"20.00 e™r Txr 3ft7r 7it^3TT^iRci iri 20 cTra"" 3ft^ 3n*IR ^",8,20.0,3.0,7.0,7.0,3.0,20.0,3.0,3.0,,
TN Budget 2020-21 OOMF.pdf,10,camelot,other,^ I^TT o^llHI-O amnr ^ 3M+<urt,1,3.0,,,,,,,,,
TN Budget 2020-21 OOMF.pdf,10,camelot,other,fcpTT^ 15.10.2019 ^,2,15.1,2019.0,,,,,,,,
TN Budget 2020-21 OOMF.pdf,10,camelot,other,3TOT^ ^,1,3.0,,,,,,,,,
TN Budget 2020-21 OOMF.pdf,10,camelot,other,3n*nT ^ 3^^RDjt,2,3.0,3.0,,,,,,,,
TN Budget 2020-21 OOMF.pdf,10,camelot,other,ffliqi^ 9^ Si*Icll»l ^W»X,1,9.0,,,,,,,,,
TN Budget 2020-21 OOMF.pdf,10,camelot,other,%■ <H^I4dU o,1,4.0,,,,,,,,,
TN Budget 2020-21 OOMF.pdf,10,camelot,other,4#OT,1,4.0,,,,,,,,,
TN Budget 2020-21 OOMF.pdf,10,camelot,other,3*RRnff ^,1,3.0,,,,,,,,,
TN Budget 2020-21 OOMF.pdf,10,camelot,other,^ f^TT <ilc]0ii,1,0.0,,,,,,,,,
TN Budget 2020-21 OOMF.pdf,10,camelot,other,^ 3RT^,1,3.0,,,,,,,,,
TN Budget 2020-21 OOMF.pdf,10,camelot,other,1^ ^-l,1,1.0,,,,,,,,,
TN Budget 2020-21 OOMF.pdf,10,camelot,other,cRTT 7T?rr ?rgm 3R='r ^ I^vetr-wr alk ciNi'M>dii,2,7.0,3.0,,,,,,,,
TN Budget 2020-21 OOMF.pdf,10,camelot,other,•«4»rtq> aiRnftc,1,4.0,,,,,,,,,
TN Budget 2020-21 OOMF.pdf,10,camelot,other,"10.00 wTTRrarf ^ ^ F^TcRi"" ^ R¥T tfttRTT?iraTt ^ 3TcI^ f^ccil-U ^ 2020-",3,10.0,3.0,2020.0,,,,,,,
TN Budget 2020-21 OOMF.pdf,10,camelot,other,# «*4iRd SIRHSft ^ 21 ^ftTTRTRraif h,2,4.0,21.0,,,,,,,,
TN Budget 2020-21 OOMF.pdf,10,camelot,other,^ ^ olNl^dl •9,1,9.0,,,,,,,,,
TN Budget 2020-21 OOMF.pdf,10,camelot,other,^ aici^id 3*rR-,1,3.0,,,,,,,,,
TN Budget 2020-21 OOMF.pdf,10,camelot,other,^dlHI l^wTofr ^r qioii ^1,1,1.0,,,,,,,,,
TN Budget 2020-21 OOMF.pdf,11,camelot,other,8 % Ml^*\ t),1,8.0,,,,,,,,,
TN Budget 2020-21 OOMF.pdf,11,camelot,other,100.00 <-^us 3fT f^cxftT -Hd'Hi stironft ^TT^nsTf ^ msT 3^K'?»ci1dTt ^ 3ici<lci,5,100.0,3.0,3.0,1.0,3.0,,,,,
TN Budget 2020-21 OOMF.pdf,11,camelot,other,"2020-21 %• •qlddl tr atcT^ ^ ^>7T"" (3T.on""/3r.3r.crr, cm oiiCl ^T ^rm3# ^ ^",7,2020.0,-21.0,7.0,3.0,3.0,3.0,3.0,,,
TN Budget 2020-21 OOMF.pdf,11,camelot,other,ofrtt ^ ^TOSTT cm W 3^pft) qfit ttrM ^TWI,1,3.0,,,,,,,,,
TN Budget 2020-21 OOMF.pdf,11,camelot,other,"^?9^5r ®F»l"" Qiaiii cm*",2,9.0,5.0,,,,,,,,
TN Budget 2020-21 OOMF.pdf,11,camelot,other,"^ 3T«]RTH"" Jif ttrIM ^r ^nnfl4^7i^cT",3,3.0,4.0,7.0,,,,,,,
TN Budget 2020-21 OOMF.pdf,11,camelot,other,"TO^Tri 3T3FcT jCT"" IR^t \n<\w S)^I5TTI",3,3.0,3.0,5.0,,,,,,,
TN Budget 2020-21 OOMF.pdf,11,camelot,other,"3qei®«r ^i 'tlHll^qq* ♦ITcl qt""l",1,3.0,,,,,,,,,
TN Budget 2020-21 OOMF.pdf,11,camelot,other,3TO^ ^RRTI,1,3.0,,,,,,,,,
TN Budget 2020-21 OOMF.pdf,11,camelot,other,^ STTflt'IT cm ^RT 3TS=2r ^ ^ # TETR-TOR cm cJ|J|-M»dl,2,3.0,2.0,,,,,,,,
TN Budget 2020-21 OOMF.pdf,11,camelot,other,5.00 RmiRt ^ 'H^ciqi ^ Ripir 3PT ^ arr ?1l5iT ^ ^r%cW'm armftcT,4,5.0,3.0,1.0,5.0,,,,,,
TN Budget 2020-21 OOMF.pdf,11,camelot,other,"^ ^mftcT STRTRft ^ yHTf^ gU aici^ci awR^icfi"" aici^lci 3^i<q»ci^jrt"" t\",1,3.0,,,,,,,,,
TN Budget 2020-21 OOMF.pdf,11,camelot,other,"^TcTT 5T^ ^1 'H<£rqi ^ tj^tijlj""",2,5.0,1.0,,,,,,,,
TN Budget 2020-21 OOMF.pdf,11,camelot,other,10 3TR^3^te?Af5t^ ^%CT^• fSRTR (anfn^lRftant) ^Ft ^Rd<n ^T^RTcTT,4,10.0,3.0,3.0,5.0,,,,,,
TN Budget 2020-21 OOMF.pdf,11,camelot,other,200.00 STRcT 'H't+K anfrniRftanfr an^'njRftan^ ^ f^. ^ M^VclCll 2f»r,2,200.0,2.0,,,,,,,,
TN Budget 2020-21 OOMF.pdf,11,camelot,other,q*cTcTT 3TRR ^R^»R 5?RT ^^srt q<r1l^ ^TsTT^mi,3,3.0,5.0,1.0,,,,,,,
TN Budget 2020-21 OOMF.pdf,11,camelot,other,aTT^rrsRftaiT^ ^ 5^ 200,2,5.0,200.0,,,,,,,,
TN Budget 2020-21 OOMF.pdf,12,camelot,other,11 ^ (3TR3iR^) ^,3,11.0,3.0,3.0,,,,,,,
TN Budget 2020-21 OOMF.pdf,12,camelot,other,l^sri^ 31.03.2019^,2,31.03,2019.0,,,,,,,,
TN Budget 2020-21 OOMF.pdf,12,camelot,other,200.01 MH4on«J»d W 21 3Tnf3TR^ ^ 3rtw3Yr,7,200.01,4.0,21.0,3.0,3.0,3.0,3.0,,,
TN Budget 2020-21 OOMF.pdf,12,camelot,other,"(SHTBTR^) 3TR3TR^ Md^oft+'iui MCiiffi ^ H^i <\ %"" foHr ^ M<l <V %"" «d",2,3.0,3.0,,,,,,,,
TN Budget 2020-21 OOMF.pdf,12,camelot,other,cfi^ell foleRiT HoH ortl^fT ^ofl snftcT fpnr ^ftan^aTH 3nT3iR^ ^r,2,3.0,3.0,,,,,,,,
TN Budget 2020-21 OOMF.pdf,12,camelot,other,3TTf^cT 3l«1Mld sJdlU cti^ R-^Ici/'tTl^Kydiit ^,3,3.0,3.0,1.0,,,,,,,
TN Budget 2020-21 OOMF.pdf,12,camelot,other,3nftcT 3Jli^d 3l<iHlcl,3,3.0,3.0,3.0,,,,,,,
TN Budget 2020-21 OOMF.pdf,12,camelot,other,"(^ft3iTTir3fR) ^ 3TR3IR^ ^ ar^RTTT, 213IR3TR^",6,3.0,3.0,3.0,3.0,213.0,3.0,,,,
TN Budget 2020-21 OOMF.pdf,12,camelot,other,(^3IRT?3nT) 31 2019 d,4,3.0,3.0,31.0,2019.0,,,,,,
TN Budget 2020-21 OOMF.pdf,12,camelot,other,anr^ ^ft3TTO3TR ^,2,3.0,3.0,,,,,,,,
TN Budget 2020-21 OOMF.pdf,12,camelot,other,^ 3TR3n^ •«adi,2,3.0,3.0,,,,,,,,
TN Budget 2020-21 OOMF.pdf,12,camelot,other,1^3Tlcr#r arsRiR 9%^ ^ 5=lJHcW 9% era* ^,5,1.0,3.0,9.0,5.0,9.0,,,,,
TN Budget 2020-21 OOMF.pdf,12,camelot,other,2ni,1,2.0,,,,,,,,,
TN Budget 2020-21 OOMF.pdf,12,camelot,other,wJpftgjTur ^ 3»r 3in3TH^ 200 «li<Ys,4,3.0,3.0,3.0,200.0,,,,,,
TN Budget 2020-21 OOMF.pdf,12,camelot,other,f^TT 3TR3IR^ ^,2,3.0,3.0,,,,,,,,
TN Budget 2020-21 OOMF.pdf,12,camelot,other,"3icil^ci ""tlRr d^i^di stc;iai qj-idi ISToRiT",1,3.0,,,,,,,,,
TN Budget 2020-21 OOMF.pdf,12,camelot,other,*jcft cfrt^W SnftcT 3iil^d,1,3.0,,,,,,,,,
TN Budget 2020-21 OOMF.pdf,12,camelot,other,si^RTcT (^ftanronr) 3i,1,3.0,,,,,,,,,
TN Budget 2020-21 OOMF.pdf,12,camelot,other,"TTT^, 2019 ^ 3TR3IR^ ^",3,2019.0,3.0,3.0,,,,,,,
TN Budget 2020-21 OOMF.pdf,12,camelot,other,fM^r l^^rfcT^ 3I7RTR 9%,3,3.0,7.0,9.0,,,,,,,
TN Budget 2020-21 OOMF.pdf,12,camelot,other,^ 5fr^ 2IT!,2,5.0,2.0,,,,,,,,
TN Budget 2020-21 OOMF.pdf,12,camelot,other,10,1,10.0,,,,,,,,,
TN Budget 2020-21 OOMF.pdf,13,camelot,other,1. Demand No.27-Department of Economic Affairs,2,1.0,27.0,,,,,,,,
TN Budget 2020-21 OOMF.pdf,13,camelot,other,13,1,13.0,,,,,,,,,
TN Budget 2020-21 OOMF.pdf,13,camelot,other,14,1,14.0,,,,,,,,,
TN Budget 2020-21 OOMF.pdf,13,camelot,other,Interest Equalisation Support for Indian Companies (08),1,8.0,,,,,,,,,
TN Budget 2020-21 OOMF.pdf,13,camelot,other,2. Demand No. 29-Department of Financial Services,2,2.0,29.0,,,,,,,,
TN Budget 2020-21 OOMF.pdf,13,camelot,other,15,1,15.0,,,,,,,,,
TN Budget 2020-21 OOMF.pdf,13,camelot,other,16,1,16.0,,,,,,,,,
TN Budget 2020-21 OOMF.pdf,13,camelot,other,17,1,17.0,,,,,,,,,
TN Budget 2020-21 OOMF.pdf,13,camelot,other,18,1,18.0,,,,,,,,,
TN Budget 2020-21 OOMF.pdf,13,camelot,other,15,1,15.0,,,,,,,,,
TN Budget 2020-21 OOMF.pdf,13,camelot,other,16,1,16.0,,,,,,,,,
TN Budget 2020-21 OOMF.pdf,13,camelot,other,17,1,17.0,,,,,,,,,
TN Budget 2020-21 OOMF.pdf,13,camelot,other,18,1,18.0,,,,,,,,,
TN Budget 2020-21 OOMF.pdf,13,camelot,other,18,1,18.0,,,,,,,,,
TN Budget 2020-21 OOMF.pdf,13,camelot,other,(vi) Contribution to Financial Inclusion Fund of NABARD to promote AADHAR enable payment 18-19,2,18.0,-19.0,,,,,,,,
TN Budget 2020-21 OOMF.pdf,13,camelot,other,19,1,19.0,,,,,,,,,
TN Budget 2020-21 OOMF.pdf,13,camelot,other,(vi) Contribution to Financial Inclusion Fund of NABARD to promote AADHAR enable payment 18-19,2,18.0,-19.0,,,,,,,,
TN Budget 2020-21 OOMF.pdf,13,camelot,other,19,1,19.0,,,,,,,,,
TN Budget 2020-21 OOMF.pdf,13,camelot,other,19,1,19.0,,,,,,,,,
TN Budget 2020-21 OOMF.pdf,13,camelot,other,19,1,19.0,,,,,,,,,
TN Budget 2020-21 OOMF.pdf,13,camelot,other,20,1,20.0,,,,,,,,,
TN Budget 2020-21 OOMF.pdf,13,camelot,other,20,1,20.0,,,,,,,,,
TN Budget 2020-21 OOMF.pdf,14,camelot,other,2020-21 Output Indicator(s),2,2020.0,-21.0,,,,,,,,
TN Budget 2020-21 OOMF.pdf,14,camelot,other,1. Increased 1.1. Total Net Private,2,1.0,1.1,,,,,,,,
TN Budget 2020-21 OOMF.pdf,14,camelot,other,240.69 1. Provide 1.1.Total amount approved(flnal Rs.lOQO,3,240.69,1.0,1.1,,,,,,,
TN Budget 2020-21 OOMF.pdf,14,camelot,other,1.2 VGF Expected to be Rs.240.69 crores),2,1.2,240.69,,,,,,,,
TN Budget 2020-21 OOMF.pdf,14,camelot,other,1.3.Total number of projects 6,2,1.3,6.0,,,,,,,,
TN Budget 2020-21 OOMF.pdf,15,camelot,other,2020-21,2,2020.0,-21.0,,,,,,,,
TN Budget 2020-21 OOMF.pdf,15,camelot,other,2020-21,2,2020.0,-21.0,,,,,,,,
TN Budget 2020-21 OOMF.pdf,15,camelot,other,1.1 No. of contracts which Targets,1,1.1,,,,,,,,,
TN Budget 2020-21 OOMF.pdf,15,camelot,other,Rs.293.53 1. To support Indian,2,293.53,1.0,,,,,,,,
TN Budget 2020-21 OOMF.pdf,15,camelot,other,20.85 1. lES to Exim Bank 1.1 Amount of Interest,3,20.85,1.0,1.1,,,,,,,
TN Budget 2020-21 OOMF.pdf,15,camelot,other,1.2 Amount of contracts Targets,1,1.2,,,,,,,,,
TN Budget 2020-21 OOMF.pdf,15,camelot,other,1.2 No. of projects approved,1,1.2,,,,,,,,,
TN Budget 2020-21 OOMF.pdf,15,camelot,other,owned or controlled 1 given to Indian not,1,1.0,,,,,,,,,
TN Budget 2020-21 OOMF.pdf,15,camelot,other,succeeds In getting 1600 2. To promote India's,2,1600.0,2.0,,,,,,,,
TN Budget 2020-21 OOMF.pdf,15,camelot,other,1.3 Amount of financing under 2.1 To promote India's,2,1.3,2.1,,,,,,,,
TN Budget 2020-21 OOMF.pdf,15,camelot,other,such foreign entity generate goodwill & 100%,1,100.0,,,,,,,,,
TN Budget 2020-21 OOMF.pdf,15,camelot,other,1.4 Utilisation of funds towards,1,1.4,,,,,,,,,
TN Budget 2020-21 OOMF.pdf,16,camelot,other,2020-21 Output,2,2020.0,-21.0,,,,,,,,
TN Budget 2020-21 OOMF.pdf,16,camelot,other,Ensure 100% guaranteed 100 per cent VPBY-2003 and,3,100.0,100.0,-2003.0,,,,,,,
TN Budget 2020-21 OOMF.pdf,16,camelot,other,115.10 Contribution Amount (in or) Varistha Pension Bima Yojana,1,115.1,,,,,,,,,
TN Budget 2020-21 OOMF.pdf,16,camelot,other,guaranteed return VPBY-2014 are close,1,-2014.0,,,,,,,,,
TN Budget 2020-21 OOMF.pdf,16,camelot,other,as interest contributed as (VPBY)-2G03 and VPBY-2014 are return to all Varistha,3,-2.0,3.0,-2014.0,,,,,,,
TN Budget 2020-21 OOMF.pdf,16,camelot,other,to 100% covered guaranteed 9% return announced rate of return and the,2,100.0,9.0,,,,,,,,
TN Budget 2020-21 OOMF.pdf,16,camelot,other,by the Government under the guaranteed rate of retum 100% guaranteed,1,100.0,,,,,,,,,
TN Budget 2020-21 OOMF.pdf,16,camelot,other,"schemes. As such, no further (9%) return to all existing",1,9.0,,,,,,,,,
TN Budget 2020-21 OOMF.pdf,17,camelot,other,1 Amount disbursed 1.1 Amount Scheme is open for,2,1.0,1.1,,,,,,,,
TN Budget 2020-21 OOMF.pdf,17,camelot,other,180.00 1.1 Coverage 1.1 No. of Scheme is open for subscription up,3,180.0,1.1,1.1,,,,,,,
TN Budget 2020-21 OOMF.pdf,17,camelot,other,"to 31st March, 2020. No further under PM Vaya Vandana",2,31.0,2020.0,,,,,,,,
TN Budget 2020-21 OOMF.pdf,17,camelot,other,"for Pension 31st March, 2020. No",2,31.0,2020.0,,,,,,,,
TN Budget 2020-21 OOMF.pdf,17,camelot,other,2 Increased Coverage of 1.2 Amount,2,2.0,1.2,,,,,,,,
TN Budget 2020-21 OOMF.pdf,17,camelot,other,1.2 No. of,1,1.2,,,,,,,,,
TN Budget 2020-21 OOMF.pdf,18,camelot,other,"Subscription of APY More than 1.90 Till date, more than",1,1.9,,,,,,,,,
TN Budget 2020-21 OOMF.pdf,18,camelot,other,Rs.125 crore 299.00 Co- Supports eligible subscriber base,2,125.0,299.0,,,,,,,,
TN Budget 2020-21 OOMF.pdf,18,camelot,other,1.90 crore,1,1.9,,,,,,,,,
TN Budget 2020-21 OOMF.pdf,18,camelot,other,"sanctioned to to eligible March, 2016, by reimbursing 60%",2,2016.0,60.0,,,,,,,,
TN Budget 2020-21 OOMF.pdf,18,camelot,other,of the APY eligible for subject to the maximum of Rs.1000.,1,1000.0,,,,,,,,,
TN Budget 2020-21 OOMF.pdf,18,camelot,other,sector between 18-40,2,18.0,-40.0,,,,,,,,
TN Budget 2020-21 OOMF.pdf,18,camelot,other,years of age {40,1,40.0,,,,,,,,,
TN Budget 2020-21 OOMF.pdf,18,camelot,other,The co-contribution is payable for 5,1,5.0,,,,,,,,,
TN Budget 2020-21 OOMF.pdf,18,camelot,other,years up to 2019-20.,2,2019.0,-20.0,,,,,,,,
TN Budget 2020-21 OOMF.pdf,18,camelot,other,6% of the eligible,1,6.0,,,,,,,,,
TN Budget 2020-21 OOMF.pdf,18,camelot,other,of FY 2020-21.,2,2020.0,-21.0,,,,,,,,
TN Budget 2020-21 OOMF.pdf,18,camelot,other,Subscription of APY More than 1.90 The incentive to the,1,1.9,,,,,,,,,
TN Budget 2020-21 OOMF.pdf,18,camelot,other,Incentive to Rs.169 crore Supports coverage of APY by,1,169.0,,,,,,,,,
TN Budget 2020-21 OOMF.pdf,18,camelot,other,proposed to be APY Service incentive of Rs.120/- per new would provided old age crore subscribers,1,120.0,,,,,,,,,
TN Budget 2020-21 OOMF.pdf,18,camelot,other,More than 1.90 Increase in the,1,1.9,,,,,,,,,
TN Budget 2020-21 OOMF.pdf,18,camelot,other,Rs.5 crore Promotional Supports coverage of APY by Better awareness would,1,5.0,,,,,,,,,
TN Budget 2020-21 OOMF.pdf,19,camelot,other,10.00 Creation of NIL No numerical targets can be set for this.,1,10.0,,,,,,,,,
TN Budget 2020-21 OOMF.pdf,19,camelot,other,Grants to 1 viABARD to settle the claims under Indo-Swiss Cooperation- VI NABARD Indo-Swiss Project agreement,1,1.0,,,,,,,,,
TN Budget 2020-21 OOMF.pdf,19,camelot,other,0.86 Refinance by Total As proposed in BE 2020-21,3,0.86,2020.0,-21.0,,,,,,,
TN Budget 2020-21 OOMF.pdf,19,camelot,agriculture_rural,through asset BE 2020-21 Rural,2,2020.0,-21.0,,,,,,,,
TN Budget 2020-21 OOMF.pdf,19,camelot,other,20.00 Support for Number of Indicator is demand driven.,1,20.0,,,,,,,,,
TN Budget 2020-21 OOMF.pdf,19,camelot,other,deployment of 20 BHIM,1,20.0,,,,,,,,,
TN Budget 2020-21 OOMF.pdf,19,camelot,other,20 lakh BHIM Aadhaar driven.,1,20.0,,,,,,,,,
TN Budget 2020-21 OOMF.pdf,19,camelot,other,till 16.10.2019.,2,16.1,2019.0,,,,,,,,
TN Budget 2020-21 OOMF.pdf,20,camelot,other,FY 2020-21,2,2020.0,-21.0,,,,,,,,
TN Budget 2020-21 OOMF.pdf,20,camelot,other,100.00 To extend Number of Coverage enhancement by mitigating credit risk to Member Collateral free,1,100.0,,,,,,,,,
TN Budget 2020-21 OOMF.pdf,20,camelot,other,2020-21,2,2020.0,-21.0,,,,,,,,
TN Budget 2020-21 OOMF.pdf,21,camelot,other,200.01 Recapitalization of Number of To provide recapitalization support to 21 RRBs whose Capital,2,200.01,21.0,,,,,,,,
TN Budget 2020-21 OOMF.pdf,21,camelot,agriculture_rural,Regional Rural RRBs to Risk Weighted Assets Ratio (CRAR) stood below 9% as per,1,9.0,,,,,,,,,
TN Budget 2020-21 OOMF.pdf,21,camelot,other,"Banks (RRBs) recapita financial position of RRBs as on 31®* March, 2019. weighted",2,31.0,2019.0,,,,,,,,
TN Budget 2020-21 OOMF.pdf,21,camelot,other,"meet regulatory regulatory 31.03.2019,",2,31.03,2019.0,,,,,,,,
TN Budget 2020-21 OOMF.pdf,21,camelot,other,requirements requirements 21 RRBs,1,21.0,,,,,,,,,
TN Budget 2020-21 OOMF.pdf,21,camelot,other,Amount To provide recapitalization support of Rs.200 crore to those raise their,1,200.0,,,,,,,,,
